refsnp_id,chr_name,ensembl_gene_stable_id,entrez
rs2799182,1,ENSG00000130764,57470
rs2697269,2,ENSG00000065413,91526
rs2883782,2,ENSG00000071909,140469
rs13419979,2,ENSG00000144410,130749
rs11899232,2,ENSG00000168280,3800
rs7564317,2,ENSG00000162927,150962
rs260179,3,ENSG00000181722,26137
rs16830150,3,ENSG00000283154,29970
rs6785036,3,ENSG00000159685,84303
rs7637481,3,ENSG00000168356,11280
rs9823157,3,ENSG00000080224,285220
rs9879175,3,ENSG00000189283,2272
rs9883185,3,ENSG00000144642,27303
rs1353621,4,ENSG00000196616,125
rs17016737,4,ENSG00000184305,401145
rs11726692,4,ENSG00000170153,57484
rs6550028,3,ENSG00000144644,339896
rs6599008,3,ENSG00000114745,64689
rs6763458,3,ENSG00000159685,84303
rs161523,5,ENSG00000113384,64083
rs642354,5,ENSG00000113384,64083
rs16870056,6,ENSG00000204296,10665
rs6946827,7,ENSG00000196511,27010
rs7826897,8,ENSG00000198010,9228
rs10503168,8,ENSG00000104728,9639
rs1530241,8,ENSG00000137573,23213
rs12352272,9,ENSG00000178031,92949
rs527458,10,ENSG00000156113,3778
rs7089141,10,ENSG00000107611,8029
rs7903954,10,ENSG00000107902,64077
rs11018195,10,ENSG00000214285,594857
rs3781031,10,ENSG00000148848,8038
rs4121692,10,ENSG00000183230,29119
rs4939390,11,ENSG00000204979,503497
rs17099425,11,ENSG00000137675,64066
rs7972122,12,ENSG00000151490,5800
rs2884670,12,ENSG00000010219,8798
rs12318021,12,ENSG00000166006,3747
rs2007064,14,ENSG00000100578,9786
rs7157639,14,ENSG00000073712,10979
rs734854,15,ENSG00000067221,9399
rs1052242,15,ENSG00000140464,5371
rs3825847,15,ENSG00000103740,23205
rs3825847,15,ENSG00000166411,3419
rs4886844,15,ENSG00000140464,5371
rs7172617,15,ENSG00000128849,84952
rs8024929,15,ENSG00000104044,4948
rs11072463,15,ENSG00000140464,5371
rs4783335,16,ENSG00000140945,1012
rs8062000,16,ENSG00000170537,79905
rs12325442,16,ENSG00000103489,64131
rs6501429,17,ENSG00000141337,22901
rs17822257,17,ENSG00000132359,23108
rs7227681,18,ENSG00000101639,55125
rs11881644,19,ENSG00000133275,1455
rs2075650,19,ENSG00000130204,10452
rs4807180,19,ENSG00000133275,1455
rs6114605,20,ENSG00000088876,79175
rs7348709,20,ENSG00000182621,23236
rs6056138,20,ENSG00000182621,23236
rs7287843,22,ENSG00000131100,529
